subject_id,left_hippo_volume,right_hippo_volume,total_hippo_volume,left_hippo_voxels,right_hippo_voxels,total_hippo_voxels,voxel_volume,intensity_mean,intensity_median,intensity_std,intensity_min,intensity_max,bayesian_prob_mean,bayesian_prob_std,asymmetry_ratio
OAS1_0180_MR1,3137.0,3004.0,6141.0,3137,3004,6141,1.0,66.85686370297996,67.0,10.350927522164978,33.0,120.0,0.7177049255713261,0.2807104895671734,0.021657710470607393
OAS1_0370_MR1,4080.0,4679.0,8759.0,4080,4679,8759,1.0,68.12124671766183,68.0,10.090000498345358,17.0,107.0,0.731839099540118,0.27698684361366466,0.06838680214636374
OAS1_0443_MR1,3875.0,3923.0,7798.0,3875,3923,7798,1.0,70.09040779687099,69.0,9.210688718900554,31.0,117.0,0.7139489897229662,0.27197427330138285,0.00615542446781226
OAS1_0197_MR1,3381.0,3593.0,6974.0,3381,3593,6974,1.0,69.25953541726412,70.0,10.064320252331505,24.0,101.0,0.7238810941586917,0.2816796770302798,0.030398623458560366
OAS1_0116_MR1,3948.0,3846.0,7794.0,3948,3846,7794,1.0,68.39979471388247,68.0,9.859548956665645,26.0,133.0,0.7249933606471959,0.2777092772641317,0.01308698999230177
OAS1_0012_MR1,4072.0,4324.0,8396.0,4072,4324,8396,1.0,68.57432110528823,68.0,8.578412692331257,27.0,99.0,0.7199696196280039,0.2829155641866141,0.03001429252024774
OAS1_0310_MR1,3766.0,3661.0,7427.0,3766,3661,7427,1.0,68.98599703783492,68.0,8.085134589596413,40.0,108.0,0.7232935559621366,0.27988660132148097,0.01413760603204524
OAS1_0227_MR1,3612.0,3609.0,7221.0,3612,3609,7221,1.0,65.76291372386096,65.0,8.182993198665928,29.0,117.0,0.7296030702183197,0.2794827625645163,0.0004154549231408392
OAS1_0419_MR1,4019.0,3894.0,7913.0,4019,3894,7913,1.0,68.85694426892455,68.0,8.643244871271852,32.0,105.0,0.7119822591015664,0.2762476946382375,0.015796790092253255
OAS1_0114_MR1,3888.0,4025.0,7913.0,3888,4025,7913,1.0,70.87830152912927,70.0,9.590634018858136,33.0,147.0,0.7165756112144807,0.2676483947059773,0.017313281941109565
OAS1_0078_MR1,3637.0,3881.0,7518.0,3637,3881,7518,1.0,70.18183027400904,70.0,8.54559495521083,34.0,108.0,0.7148687481257895,0.28108213608899896,0.03245544027666933
OAS1_0136_MR1,3561.0,3598.0,7159.0,3561,3598,7159,1.0,67.91982120407879,67.0,8.309742458066552,33.0,122.0,0.7283379057080345,0.2778719645250999,0.0051683195977091775
OAS1_0246_MR1,3703.0,3713.0,7416.0,3703,3713,7416,1.0,67.65614886731392,67.0,8.96806917794614,27.0,111.0,0.7278889928272408,0.2832698934440984,0.001348435814455232
OAS1_0010_MR1,2809.0,2975.0,5784.0,2809,2975,5784,1.0,67.30186721991701,68.0,10.093314103794672,15.0,98.0,0.7251626950883635,0.28851356206104456,0.028699861687413553
OAS1_0094_MR1,3537.0,3726.0,7263.0,3537,3726,7263,1.0,72.22084538069669,72.0,8.568694192933798,36.0,109.0,0.7246024711389536,0.28432434260396716,0.026022304832713755
OAS1_0278_MR1,2700.0,3047.0,5747.0,2700,3047,5747,1.0,66.48703671480773,67.0,10.519975151787781,26.0,101.0,0.7298910279069022,0.2879559604338362,0.060379328345223596
OAS1_0059_MR1,3835.0,3953.0,7788.0,3835,3953,7788,1.0,68.97329224447869,68.0,8.91276593479719,30.0,103.0,0.716861334244361,0.2808302033466286,0.015151515151515152
OAS1_0132_MR1,4548.0,4664.0,9212.0,4548,4664,9212,1.0,69.44561441597915,68.0,8.932332051937069,28.0,133.0,0.7233264323307288,0.26706525766746264,0.012592270950933565
OAS1_0340_MR1,4304.0,4479.0,8783.0,4304,4479,8783,1.0,69.11089604918592,68.0,8.821080007189376,27.0,145.0,0.7334479846003311,0.27123315015782923,0.0199248548332005
OAS1_0019_MR1,3358.0,3589.0,6947.0,3358,3589,6947,1.0,66.58298546135022,67.0,10.939032457411129,22.0,107.0,0.7216898468761423,0.2838381392987279,0.0332517633510868
OAS1_0102_MR1,4234.0,4200.0,8434.0,4234,4200,8434,1.0,67.89874318235712,67.0,8.090837194720297,26.0,102.0,0.7253463315885168,0.28133181523687756,0.004031301873369694
OAS1_0429_MR1,3831.0,3928.0,7759.0,3831,3928,7759,1.0,67.71748936718649,67.0,10.114773347063487,16.0,113.0,0.7251606579821291,0.2763774844543246,0.01250161103234953
OAS1_0162_MR1,3763.0,3894.0,7657.0,3763,3894,7657,1.0,67.89094945801227,67.0,8.01273916164706,33.0,101.0,0.7276466776544896,0.2816643057402649,0.017108528144181793
OAS1_0096_MR1,3486.0,3609.0,7095.0,3486,3609,7095,1.0,69.32797744890769,68.0,8.145711388247996,27.0,130.0,0.7390978892878779,0.2712609395310961,0.01733615221987315
OAS1_0181_MR1,3476.0,3567.0,7043.0,3476,3567,7043,1.0,71.01789010364901,71.0,9.79642093342137,27.0,120.0,0.7166676640102474,0.2777926157549632,0.012920630413176204
OAS1_0295_MR1,3637.0,3527.0,7164.0,3637,3527,7164,1.0,69.10008375209381,68.0,8.714300548648204,36.0,102.0,0.7092839844998131,0.28004882289462535,0.015354550530429927
OAS1_0101_MR1,4659.0,4740.0,9399.0,4659,4740,9399,1.0,69.86126183636557,69.0,9.471855293993588,35.0,118.0,0.7168488706381797,0.2747474290594155,0.008617938078518992
OAS1_0366_MR1,4436.0,4492.0,8928.0,4436,4492,8928,1.0,71.9138664874552,71.0,9.381349482605946,34.0,108.0,0.7039771805718427,0.2726247108382282,0.0062724014336917565
OAS1_0066_MR1,3104.0,3117.0,6221.0,3104,3117,6221,1.0,67.8479344156888,67.0,9.663043028560509,29.0,136.0,0.7158105379543199,0.2775007524490436,0.002089696190323099
OAS1_0425_MR1,3624.0,3213.0,6837.0,3624,3213,6837,1.0,69.38818195114817,70.0,10.545122787901217,23.0,109.0,0.7360042899780359,0.2898789193434972,0.060114085125054846
OAS1_0255_MR1,3785.0,3480.0,7265.0,3785,3480,7265,1.0,68.2426703372333,69.0,11.156986350167296,23.0,109.0,0.7436890620043735,0.294823657623738,0.04198210598761184
OAS1_0028_MR1,3095.0,3350.0,6445.0,3095,3350,6445,1.0,68.26470131885182,69.0,9.737632003943585,29.0,102.0,0.7235579097022988,0.2789731317440176,0.0395655546935609
OAS1_0355_MR1,3432.0,3427.0,6859.0,3432,3427,6859,1.0,66.83015016766292,67.0,9.08935029634357,29.0,100.0,0.7162931293773634,0.28233577964509854,0.0007289692374981776
OAS1_0144_MR1,4577.0,4832.0,9409.0,4577,4832,9409,1.0,68.73153363800617,68.0,9.445548813437686,30.0,111.0,0.7221302000279404,0.2752555644407243,0.027101711127643747
OAS1_0040_MR1,3663.0,3775.0,7438.0,3663,3775,7438,1.0,68.68768486152192,68.0,8.58183869315777,16.0,100.0,0.7331751611671572,0.2738712919826499,0.015057811239580532
OAS1_0319_MR1,3813.0,3831.0,7644.0,3813,3831,7644,1.0,68.41627420198849,67.0,8.665369037188412,33.0,102.0,0.7158132640864021,0.2774413050833487,0.002354788069073783
OAS1_0139_MR1,3841.0,3711.0,7552.0,3841,3711,7552,1.0,68.34692796610169,68.0,9.156168100871744,27.0,111.0,0.7182945574206588,0.2803240800331826,0.017213983050847457
OAS1_0203_MR1,4109.0,4005.0,8114.0,4109,4005,8114,1.0,70.90054227261523,71.0,9.103604489013327,32.0,102.0,0.7196723631871993,0.28317704534797716,0.012817352723687454
OAS1_0145_MR1,4268.0,4401.0,8669.0,4268,4401,8669,1.0,66.14142346291383,65.0,10.252553229035577,21.0,154.0,0.7284704769597852,0.2699130295462657,0.015342023301418848
OAS1_0115_MR1,3119.0,3327.0,6446.0,3119,3327,6446,1.0,69.05072913434688,70.0,11.29944171705565,16.0,103.0,0.7401039552854224,0.28388583851343485,0.032268073223704626
OAS1_0113_MR1,3680.0,3899.0,7579.0,3680,3899,7579,1.0,68.34028235915028,68.0,10.067272151406806,27.0,106.0,0.7223567378451142,0.2842851230146234,0.028895632669217575
OAS1_0441_MR1,3978.0,4468.0,8446.0,3978,4468,8446,1.0,68.87189201989108,70.0,11.146110475471428,16.0,100.0,0.7290608003710465,0.28323032832998435,0.05801562869997632
OAS1_0396_MR1,4871.0,5155.0,10026.0,4871,5155,10026,1.0,68.63953720327149,68.0,9.031735210848094,34.0,109.0,0.7183715873780164,0.275429627494424,0.028326351486136048
OAS1_0254_MR1,2976.0,2972.0,5948.0,2976,2972,5948,1.0,65.52572293207801,67.0,10.777578474746516,17.0,95.0,0.725021152143428,0.2812319467210621,0.0006724949562878278
OAS1_0027_MR1,3394.0,3388.0,6782.0,3394,3388,6782,1.0,68.17885579475082,67.0,9.588696037611454,23.0,131.0,0.7410476372483932,0.2746617830251739,0.0008846947803007962
OAS1_0119_MR1,4103.0,4401.0,8504.0,4103,4401,8504,1.0,66.5637347130762,66.0,8.9767092788053,33.0,130.0,0.7213880134186008,0.2784862682436193,0.03504233301975541
OAS1_0087_MR1,4095.0,4171.0,8266.0,4095,4171,8266,1.0,67.00483909992741,66.0,9.252106608988539,18.0,108.0,0.7171721521783495,0.2759809232462907,0.009194289862085652
OAS1_0433_MR1,4505.0,4520.0,9025.0,4505,4520,9025,1.0,67.79590027700831,67.0,9.841559502516807,24.0,115.0,0.7195462489368611,0.2774783950055423,0.0016620498614958448
OAS1_0263_MR1,3953.0,4136.0,8089.0,3953,4136,8089,1.0,68.70194090740512,69.0,10.719639279314373,25.0,117.0,0.7255494662728198,0.28508272908852367,0.022623315613796515
OAS1_0302_MR1,4497.0,4561.0,9058.0,4497,4561,9058,1.0,67.96389931552218,67.0,9.095292937474758,36.0,126.0,0.719517273800805,0.27742030388281197,0.007065577390152351
OAS1_0086_MR1,4146.0,4031.0,8177.0,4146,4031,8177,1.0,71.72459337165219,71.0,8.967838832968793,32.0,125.0,0.7186632361590419,0.2742423490486919,0.014063837593249359
OAS1_0315_MR1,3550.0,3390.0,6940.0,3550,3390,6940,1.0,72.08832853025936,72.0,10.088190763631621,25.0,109.0,0.7425541772546629,0.28903613258331423,0.023054755043227664
OAS1_0107_MR1,4410.0,4604.0,9014.0,4410,4604,9014,1.0,68.73086310184158,68.0,9.329323935811077,18.0,106.0,0.7125887652034149,0.2757895783792838,0.021522076769469715
OAS1_0426_MR1,3429.0,2971.0,6400.0,3429,2971,6400,1.0,69.35953125,69.0,8.43037401485091,34.0,101.0,0.7279931582963601,0.2873753430937371,0.0715625
OAS1_0346_MR1,4427.0,4413.0,8840.0,4427,4413,8840,1.0,70.57511312217194,70.0,9.286308980938864,22.0,114.0,0.7206481610182534,0.2681616580839905,0.001583710407239819
OAS1_0351_MR1,2590.0,2451.0,5041.0,2590,2451,5041,1.0,62.86788335647689,65.0,12.47605928209536,20.0,91.0,0.7246561105377222,0.2829888931789231,0.027573894068637174
OAS1_0379_MR1,3906.0,4033.0,7939.0,3906,4033,7939,1.0,71.06638115631692,70.0,8.639364654375115,39.0,107.0,0.7053205491082986,0.2733235421011442,0.015996976949237938
OAS1_0377_MR1,3617.0,3693.0,7310.0,3617,3693,7310,1.0,70.30232558139535,70.0,9.407013860750375,29.0,114.0,0.7183378620289637,0.2749767402553691,0.01039671682626539
OAS1_0075_MR1,2712.0,2638.0,5350.0,2712,2638,5350,1.0,70.92224299065421,72.0,10.011728198021009,26.0,100.0,0.7287665596801328,0.2858078379620243,0.013831775700934579
OAS1_0270_MR1,2772.0,3220.0,5992.0,2772,3220,5992,1.0,67.6101468624833,68.0,9.918840407956543,23.0,103.0,0.731779299848685,0.289741371142257,0.07476635514018691
OAS1_0138_MR1,4128.0,4385.0,8513.0,4128,4385,8513,1.0,67.86596969341008,68.0,11.149803142491528,21.0,106.0,0.7310568742195461,0.28521039863129577,0.030189122518501116
OAS1_0448_MR1,4227.0,4237.0,8464.0,4227,4237,8464,1.0,69.64603024574669,69.0,8.140306627610764,36.0,121.0,0.7285992473303334,0.2755727685825938,0.0011814744801512287
OAS1_0395_MR1,3970.0,3924.0,7894.0,3970,3924,7894,1.0,66.76817836331391,66.0,8.66439094419548,23.0,106.0,0.7221108149927902,0.2819612481732879,0.005827210539650367
OAS1_0159_MR1,3610.0,3598.0,7208.0,3610,3598,7208,1.0,70.8619589345172,70.0,8.297747587779474,39.0,106.0,0.7170066921569156,0.2803655023509817,0.001664816870144284
OAS1_0344_MR1,3997.0,3855.0,7852.0,3997,3855,7852,1.0,68.22669383596536,67.0,8.512527738499541,27.0,125.0,0.7269748564611471,0.27983071273622634,0.018084564442180335
OAS1_0292_MR1,3549.0,3364.0,6913.0,3549,3364,6913,1.0,68.50065094749023,68.0,8.228723047006692,34.0,101.0,0.7257425631872285,0.28438097342450525,0.02676117459858238
OAS1_0259_MR1,4041.0,4032.0,8073.0,4041,4032,8073,1.0,68.80688715471324,68.0,9.652220378769421,30.0,109.0,0.7144963571987899,0.27862331090896714,0.0011148272017837235
OAS1_0262_MR1,3539.0,3503.0,7042.0,3539,3503,7042,1.0,68.09287134336836,68.0,9.984177073779808,15.0,120.0,0.7292055754576523,0.2781969436980501,0.005112184038625391
OAS1_0301_MR1,3870.0,3996.0,7866.0,3870,3996,7866,1.0,66.41800152555301,66.0,10.449907213263918,27.0,101.0,0.7098557111163485,0.28005095128108926,0.016018306636155607
OAS1_0247_MR1,3011.0,3132.0,6143.0,3011,3132,6143,1.0,68.94562917141462,69.0,11.08913349532932,17.0,110.0,0.7375240668973937,0.27773175198614003,0.01969721634380596
OAS1_0046_MR1,3238.0,4037.0,7275.0,3238,4037,7275,1.0,68.78171821305843,69.0,9.910758973938195,21.0,106.0,0.727787975071067,0.2814975394545253,0.10982817869415808
OAS1_0350_MR1,3912.0,3847.0,7759.0,3912,3847,7759,1.0,67.23353524938781,66.0,8.185808073251122,31.0,102.0,0.7347460019834474,0.2795984188768782,0.008377368217553808
OAS1_0361_MR1,3860.0,3968.0,7828.0,3860,3968,7828,1.0,67.60845682166581,67.0,8.377425747576527,34.0,103.0,0.7236352622171277,0.2806330364017001,0.013796627491057742
OAS1_0097_MR1,3818.0,3838.0,7656.0,3818,3838,7656,1.0,67.57379832810868,67.0,9.137263834397645,24.0,115.0,0.7180371790281994,0.2759654600644923,0.002612330198537095
OAS1_0035_MR1,2960.0,3052.0,6012.0,2960,3052,6012,1.0,69.80023286759814,70.0,8.579779797267044,27.0,97.0,0.7240164789252042,0.2822161270441082,0.015302727877578177
OAS1_0399_MR1,3461.0,2836.0,6297.0,3461,2836,6297,1.0,65.43099888835954,66.0,10.78552271523764,15.0,99.0,0.7302564977040518,0.2842954670885338,0.09925361283150706
OAS1_0033_MR1,3121.0,3658.0,6779.0,3121,3658,6779,1.0,70.00103260067857,71.0,10.496460763680048,27.0,98.0,0.7309058967075034,0.2883945035576284,0.07921522348428972
OAS1_0056_MR1,2437.0,2719.0,5156.0,2437,2719,5156,1.0,64.78277734678045,66.0,10.744680523300255,21.0,101.0,0.7318890509625764,0.2884852242451506,0.054693560899922423
OAS1_0449_MR1,3440.0,3178.0,6618.0,3440,3178,6618,1.0,70.01541251133273,70.0,8.877362185468842,34.0,122.0,0.7361503540502773,0.28596325543433776,0.0395889996977939
OAS1_0236_MR1,3984.0,3924.0,7908.0,3984,3924,7908,1.0,69.7692210419828,69.0,8.005797630515094,38.0,101.0,0.719283557620607,0.2784501967829234,0.007587253414264037
OAS1_0104_MR1,3928.0,3866.0,7794.0,3928,3866,7794,1.0,64.93918398768284,64.0,9.05689521513425,28.0,119.0,0.7251224792043313,0.27938211124879797,0.007954837054144213
OAS1_0434_MR1,3375.0,3608.0,6983.0,3375,3608,6983,1.0,69.09823857940714,68.0,9.276911792998966,31.0,123.0,0.7135919646973194,0.2693316042538077,0.03336674781612487
OAS1_0174_MR1,4011.0,4050.0,8061.0,4011,4050,8061,1.0,67.60712070462722,67.0,8.280775218392032,39.0,101.0,0.714780851805739,0.27622572960537933,0.004838109415705247
OAS1_0316_MR1,2447.0,2392.0,4839.0,2447,2392,4839,1.0,66.1616036371151,68.0,11.42429393126846,20.0,98.0,0.7353516560595941,0.27839997950419876,0.01136598470758421
OAS1_0304_MR1,3372.0,3285.0,6657.0,3372,3285,6657,1.0,66.13549646988133,67.0,10.914953725927647,21.0,105.0,0.7276721575211522,0.289463012959038,0.013068949977467327
OAS1_0127_MR1,4136.0,4402.0,8538.0,4136,4402,8538,1.0,67.7978449285547,67.0,9.005419104226082,31.0,110.0,0.7110055059218673,0.2752260438241184,0.031154837198407122
OAS1_0052_MR1,3107.0,3464.0,6571.0,3107,3464,6571,1.0,69.7595495358393,71.0,9.308213467942632,26.0,95.0,0.7276608686622255,0.28641676483967293,0.05432963019327348
OAS1_0189_MR1,4387.0,4531.0,8918.0,4387,4531,8918,1.0,68.48418928010764,68.0,8.422231542432813,28.0,107.0,0.7164550100452228,0.27653957946154706,0.016147118187934514
OAS1_0034_MR1,4150.0,4235.0,8385.0,4150,4235,8385,1.0,68.22587954680978,67.0,9.27162613457259,28.0,117.0,0.7166069683193318,0.27284885128283737,0.010137149672033392
OAS1_0363_MR1,2992.0,3819.0,6811.0,2992,3819,6811,1.0,67.93025987373366,68.0,9.894598493527507,28.0,103.0,0.7206976108266862,0.28382639310793656,0.12142123036264865
OAS1_0029_MR1,4775.0,4903.0,9678.0,4775,4903,9678,1.0,69.07604877040711,69.0,9.35312179885794,19.0,122.0,0.7111661099489947,0.273150981072457,0.01322587311427981
OAS1_0300_MR1,3943.0,3896.0,7839.0,3943,3896,7839,1.0,67.44329633881873,67.0,10.206857471030617,22.0,108.0,0.7230176543697098,0.2833170389332149,0.0059956627120806225
OAS1_0126_MR1,4113.0,4311.0,8424.0,4113,4311,8424,1.0,68.84781576448243,68.0,9.503453786944364,29.0,129.0,0.7265477864580799,0.27415729294254126,0.023504273504273504
OAS1_0401_MR1,3856.0,4085.0,7941.0,3856,4085,7941,1.0,73.0488603450447,72.0,8.889158093934157,33.0,118.0,0.7173802133114187,0.27419167309228254,0.028837677874323134
OAS1_0261_MR1,3856.0,3970.0,7826.0,3856,3970,7826,1.0,69.33273703041145,69.0,8.706119593204203,34.0,98.0,0.7172989198223004,0.2817135370282581,0.014566828520316892
OAS1_0381_MR1,4505.0,4558.0,9063.0,4505,4558,9063,1.0,69.04049431755489,68.0,9.518289267735778,26.0,108.0,0.7138495876415676,0.27746273050627374,0.005847953216374269
OAS1_0437_MR1,4053.0,3965.0,8018.0,4053,3965,8018,1.0,71.63581940633574,71.0,8.333999585903662,34.0,135.0,0.7201437999303674,0.2678443488419071,0.010975305562484411
OAS1_0135_MR1,4096.0,4267.0,8363.0,4096,4267,8363,1.0,70.48881980150664,70.0,8.868036916803804,27.0,109.0,0.7232030759711927,0.2834459348891254,0.020447207939734546
OAS1_0418_MR1,3948.0,4076.0,8024.0,3948,4076,8024,1.0,67.61752243270189,67.0,10.254799573874871,24.0,106.0,0.7131159903029175,0.2797666458462323,0.015952143569292122
OAS1_0307_MR1,2659.0,2944.0,5603.0,2659,2944,5603,1.0,64.98911297519186,65.0,11.187340311244734,26.0,96.0,0.7243958068532631,0.28851956049511585,0.050865607710155275
OAS1_0435_MR1,5095.0,5218.0,10313.0,5095,5218,10313,1.0,70.18568796664404,69.0,9.543093315812943,29.0,148.0,0.7252935764272965,0.27621894293703464,0.01192669446329875
OAS1_0339_MR1,2492.0,2691.0,5183.0,2492,2691,5183,1.0,67.27628786417132,69.0,11.014858116225033,21.0,100.0,0.7213085415024794,0.2769992728822607,0.038394752074088365
OAS1_0205_MR1,3447.0,3051.0,6498.0,3447,3051,6498,1.0,70.44936903662665,71.0,10.012963607194026,22.0,106.0,0.7299530532400149,0.2846578374168641,0.060941828254847646
OAS1_0047_MR1,4370.0,4166.0,8536.0,4370,4166,8536,1.0,69.54217432052484,69.0,9.137479701267434,33.0,111.0,0.7196659916499565,0.28414351277790123,0.023898781630740395
OAS1_0188_MR1,3978.0,4347.0,8325.0,3978,4347,8325,1.0,67.93321321321321,67.0,9.732820340341384,21.0,114.0,0.7230250739528374,0.2789760201202631,0.04432432432432432
OAS1_0284_MR1,3793.0,3822.0,7615.0,3793,3822,7615,1.0,69.30295469468155,69.0,10.593485798747698,25.0,104.0,0.7238201380492272,0.285892008971734,0.003808273145108339
OAS1_0400_MR1,4122.0,3981.0,8103.0,4122,3981,8103,1.0,68.00271504381094,69.0,11.287421834868749,23.0,102.0,0.7334432401013149,0.291993190418396,0.01740096260644206
OAS1_0077_MR1,3807.0,4139.0,7946.0,3807,4139,7946,1.0,68.58520010067959,68.0,9.269389033783861,28.0,116.0,0.7213131238462746,0.27500359327071516,0.04178202869368235
OAS1_0452_MR1,3847.0,3903.0,7750.0,3847,3903,7750,1.0,68.15329032258065,69.0,10.57384412105446,19.0,100.0,0.7269771258416605,0.28354604171047104,0.007225806451612903
OAS1_0432_MR1,3206.0,3043.0,6249.0,3206,3043,6249,1.0,67.67082733237318,67.0,9.431562722671854,33.0,102.0,0.7220080592999774,0.28658893098315324,0.02608417346775484
OAS1_0179_MR1,2284.0,2306.0,4590.0,2284,2306,4590,1.0,64.559477124183,67.0,11.41148814135296,22.0,95.0,0.718441294707955,0.2843731578184481,0.004793028322440087
OAS1_0343_MR1,3983.0,3997.0,7980.0,3983,3997,7980,1.0,69.22694235588972,69.0,9.509538855659812,24.0,106.0,0.720230395316129,0.2753894819578322,0.0017543859649122807
OAS1_0440_MR1,3719.0,2854.0,6573.0,3719,2854,6573,1.0,65.96592119275826,66.0,10.194714434241735,25.0,95.0,0.7052996655483498,0.27605516488586324,0.13159896546478017
OAS1_0050_MR1,4340.0,4320.0,8660.0,4340,4320,8660,1.0,68.98949191685912,68.0,8.856750949766699,28.0,127.0,0.7186604884834198,0.27712055681484954,0.0023094688221709007
OAS1_0337_MR1,3608.0,3599.0,7207.0,3608,3599,7207,1.0,66.78895518246149,67.0,10.025512071892708,22.0,102.0,0.7276648469027055,0.2872243720087044,0.0012487859025946996
OAS1_0043_MR1,3862.0,3838.0,7700.0,3862,3838,7700,1.0,66.42064935064936,66.0,9.36784023920001,27.0,111.0,0.724373440803026,0.27555698669789175,0.003116883116883117
OAS1_0016_MR1,3498.0,3621.0,7119.0,3498,3621,7119,1.0,73.0598398651496,73.0,9.694537529136772,28.0,107.0,0.7304267368541799,0.28094884141734217,0.017277707543194267
OAS1_0070_MR1,3673.0,3797.0,7470.0,3673,3797,7470,1.0,70.67630522088353,70.0,8.69309613918732,33.0,107.0,0.7188375867013109,0.2798945914444051,0.016599732262382864
OAS1_0217_MR1,3024.0,3324.0,6348.0,3024,3324,6348,1.0,68.97195967233775,70.0,10.081356272884674,22.0,100.0,0.7258457504819815,0.2789796475035613,0.04725897920604915
OAS1_0272_MR1,2452.0,2709.0,5161.0,2452,2709,5161,1.0,67.46153846153847,68.0,10.546972973522195,24.0,102.0,0.7265568784928671,0.2881230744193092,0.0497965510559969
OAS1_0201_MR1,3107.0,3408.0,6515.0,3107,3408,6515,1.0,68.64190330007675,69.0,9.04099608404536,28.0,116.0,0.7278254827221801,0.28501284912349845,0.046201074443591714
OAS1_0051_MR1,4033.0,4272.0,8305.0,4033,4272,8305,1.0,68.45984346779049,68.0,9.764024062835967,26.0,145.0,0.7302994835092388,0.26954927442196097,0.028777844671884406
OAS1_0103_MR1,3859.0,3838.0,7697.0,3859,3838,7697,1.0,69.8748863193452,69.0,8.16457740612117,32.0,105.0,0.7248389789019976,0.2805850579925296,0.0027283357152137195
OAS1_0283_MR1,4140.0,4430.0,8570.0,4140,4430,8570,1.0,65.86942823803967,65.0,9.500935839174621,23.0,115.0,0.7238960744267826,0.2760099363637862,0.0338389731621937
OAS1_0383_MR1,3995.0,4347.0,8342.0,3995,4347,8342,1.0,68.86585950611364,68.0,8.808730336157442,32.0,101.0,0.7085301393847612,0.27975847001326576,0.04219611603931911
OAS1_0279_MR1,3645.0,3533.0,7178.0,3645,3533,7178,1.0,72.30482028420172,72.0,8.785460750195442,35.0,107.0,0.7312188866308073,0.2886986352239186,0.01560323209807746
OAS1_0020_MR1,3485.0,3445.0,6930.0,3485,3445,6930,1.0,69.79278499278499,70.0,9.014005770800404,26.0,103.0,0.7276281546839998,0.2814769160401045,0.005772005772005772
OAS1_0199_MR1,3933.0,4117.0,8050.0,3933,4117,8050,1.0,69.35987577639752,69.0,9.811353797443335,23.0,109.0,0.7177679268457443,0.2810526444909552,0.022857142857142857
OAS1_0378_MR1,4069.0,4239.0,8308.0,4069,4239,8308,1.0,70.85351468464131,70.0,8.436162667934216,36.0,103.0,0.7153385852002003,0.27752846123559477,0.020462205103514684
OAS1_0062_MR1,3523.0,3506.0,7029.0,3523,3506,7029,1.0,66.53706074832836,67.0,9.57687554078999,23.0,116.0,0.7332646578229888,0.29139070546804974,0.002418551714326362
OAS1_0330_MR1,3343.0,3312.0,6655.0,3343,3312,6655,1.0,70.63335837716004,71.0,9.782636870408846,27.0,101.0,0.7281598753593266,0.2885348315913684,0.004658151765589782
OAS1_0345_MR1,3725.0,3969.0,7694.0,3725,3969,7694,1.0,69.78749675071484,69.0,8.608997454418661,31.0,102.0,0.7215353281487717,0.2833808935156049,0.03171302313491032
OAS1_0152_MR1,4119.0,4379.0,8498.0,4119,4379,8498,1.0,69.18016003765592,69.0,8.600568480107858,28.0,114.0,0.7278794444673407,0.28229242119335735,0.030595434219816427
OAS1_0090_MR1,4948.0,5079.0,10027.0,4948,5079,10027,1.0,71.32881220704098,71.0,8.50656887279308,26.0,105.0,0.7117322332282956,0.2710880491318893,0.013064725241847014
OAS1_0453_MR1,3922.0,4037.0,7959.0,3922,4037,7959,1.0,70.48938308832768,70.0,10.639761737192218,30.0,137.0,0.7255199651253009,0.28226128931142686,0.014449051388365372
OAS1_0231_MR1,4023.0,4107.0,8130.0,4023,4107,8130,1.0,65.8969249692497,65.0,7.926194161753757,26.0,102.0,0.7289084215469163,0.28155855915248656,0.010332103321033211
OAS1_0039_MR1,3367.0,3471.0,6838.0,3367,3471,6838,1.0,67.4536414156186,67.0,10.364960577331352,24.0,115.0,0.7310430368432386,0.27963535927361555,0.015209125475285171
OAS1_0374_MR1,3341.0,3534.0,6875.0,3341,3534,6875,1.0,67.768,67.0,9.081521378351457,25.0,103.0,0.7334511176627894,0.28381277487510137,0.028072727272727274
OAS1_0230_MR1,4271.0,4281.0,8552.0,4271,4281,8552,1.0,70.88657623947614,70.0,7.949398396322699,25.0,107.0,0.7196650594044841,0.2723062906350097,0.0011693171188026192
OAS1_0108_MR1,4558.0,4714.0,9272.0,4558,4714,9272,1.0,67.45416307161346,67.0,9.162871252429182,25.0,121.0,0.7138193875386029,0.2782771097627605,0.016824849007765316
OAS1_0143_MR1,4169.0,4485.0,8654.0,4169,4485,8654,1.0,68.12387335336261,67.0,8.794978869352882,29.0,98.0,0.7196069664125789,0.2836182556697745,0.03651490640166397
OAS1_0226_MR1,3114.0,3175.0,6289.0,3114,3175,6289,1.0,66.99030052472571,68.0,11.66425152370293,19.0,97.0,0.7388210898209046,0.28911586881826395,0.00969947527428844
OAS1_0406_MR1,4017.0,3927.0,7944.0,4017,3927,7944,1.0,68.65999496475327,68.0,8.652842456558478,24.0,114.0,0.7245617626608153,0.2744870191859499,0.011329305135951661
OAS1_0002_MR1,3732.0,3928.0,7660.0,3732,3928,7660,1.0,73.68067885117493,73.0,7.972217918935357,37.0,103.0,0.7236104848692184,0.28226442540709773,0.025587467362924284
OAS1_0005_MR1,4541.0,4444.0,8985.0,4541,4444,8985,1.0,70.32175848636616,69.0,8.629960341407068,27.0,102.0,0.7186672735299726,0.2742582742868878,0.010795770728992765
OAS1_0386_MR1,3980.0,4152.0,8132.0,3980,4152,8132,1.0,69.74913920314806,69.0,9.041851127501841,21.0,116.0,0.7346184386898894,0.2730641804274485,0.02115100836202656
OAS1_0237_MR1,3217.0,3268.0,6485.0,3217,3268,6485,1.0,68.16823438704704,67.0,9.918103011812644,28.0,114.0,0.7302695654712507,0.2852767835091488,0.007864302235929066
OAS1_0155_MR1,3165.0,3154.0,6319.0,3165,3154,6319,1.0,68.59439784776072,69.0,9.610679440633762,25.0,97.0,0.7246171917973984,0.2881485590170048,0.001740781769267289
OAS1_0404_MR1,3308.0,3404.0,6712.0,3308,3404,6712,1.0,71.38051251489868,71.0,8.16238804037124,35.0,102.0,0.73965525819364,0.284958349954667,0.014302741358760428
OAS1_0011_MR1,3899.0,3652.0,7551.0,3899,3652,7551,1.0,69.24725201960005,68.0,9.107761257361625,33.0,135.0,0.7221005367166509,0.27127584863287774,0.03271089921864654
OAS1_0313_MR1,3859.0,3819.0,7678.0,3859,3819,7678,1.0,69.54884084396978,69.0,8.449959845860466,31.0,106.0,0.7288614636300488,0.28088744156893714,0.005209690023443605
OAS1_0069_MR1,4157.0,4393.0,8550.0,4157,4393,8550,1.0,70.00362573099416,69.0,8.829846300161975,30.0,102.0,0.7262855738495749,0.28282570196446444,0.02760233918128655
OAS1_0150_MR1,3783.0,3876.0,7659.0,3783,3876,7659,1.0,69.9334116725421,69.0,9.182899062620734,23.0,111.0,0.7092566573803029,0.27152241741078437,0.012142577359968664
OAS1_0190_MR1,4197.0,4320.0,8517.0,4197,4320,8517,1.0,66.37618879887285,66.0,8.354007636685639,30.0,110.0,0.7216089840994716,0.28195862179765024,0.014441704825642832
OAS1_0258_MR1,4115.0,4252.0,8367.0,4115,4252,8367,1.0,67.670252181188,67.0,8.844832029804776,24.0,106.0,0.7190944107932976,0.27528720931190587,0.016373849647424405
OAS1_0081_MR1,3766.0,3873.0,7639.0,3766,3873,7639,1.0,66.49613823798927,66.0,9.426517232476828,19.0,105.0,0.7341422327347923,0.2743458347194882,0.014007068988087446
OAS1_0375_MR1,4509.0,4499.0,9008.0,4509,4499,9008,1.0,69.92639875666075,70.0,9.842950850025604,23.0,106.0,0.7193835140714752,0.2781271897988621,0.0011101243339253996
OAS1_0057_MR1,4267.0,4125.0,8392.0,4267,4125,8392,1.0,67.89120591039085,67.0,9.519883305240606,32.0,129.0,0.7323904131794333,0.277876078369419,0.016920877025738797
OAS1_0160_MR1,4894.0,4991.0,9885.0,4894,4991,9885,1.0,71.22852807283763,71.0,11.009596012500566,24.0,171.0,0.7340602537314427,0.2696483890573587,0.00981284774911482
OAS1_0148_MR1,4281.0,4646.0,8927.0,4281,4646,8927,1.0,70.30603786266383,70.0,8.886574156663142,22.0,106.0,0.719338716943109,0.2775693799825208,0.04088719614652179
OAS1_0387_MR1,3736.0,3834.0,7570.0,3736,3834,7570,1.0,69.42007926023778,69.0,7.067929952356579,28.0,99.0,0.7310899654295512,0.28314660953055587,0.012945838837516512
OAS1_0030_MR1,3522.0,3991.0,7513.0,3522,3991,7513,1.0,70.18274990017304,70.0,8.429364388810274,27.0,102.0,0.727406788890146,0.2848245610161359,0.06242512977505657
OAS1_0221_MR1,2760.0,2731.0,5491.0,2760,2731,5491,1.0,67.81314878892734,69.0,10.517447330659818,19.0,106.0,0.7412634291098019,0.28581153504637663,0.005281369513749772
OAS1_0151_MR1,4273.0,4553.0,8826.0,4273,4553,8826,1.0,69.95433945162021,68.0,9.002521229546952,27.0,110.0,0.7149993388536453,0.2707616000332109,0.031724450487196916
OAS1_0450_MR1,4067.0,3977.0,8044.0,4067,3977,8044,1.0,67.85343112879164,67.0,7.923256618190422,30.0,98.0,0.720696423513414,0.27873989422226364,0.011188463451019393
OAS1_0332_MR1,3709.0,3855.0,7564.0,3709,3855,7564,1.0,67.78794288736118,68.0,10.783761444531331,24.0,111.0,0.7198429345943808,0.28587573783614406,0.01930195663670016
OAS1_0335_MR1,3198.0,3314.0,6512.0,3198,3314,6512,1.0,67.28501228501229,67.0,9.81456616612946,23.0,97.0,0.7220449093550192,0.28417888525901347,0.017813267813267815
OAS1_0204_MR1,4255.0,4377.0,8632.0,4255,4377,8632,1.0,69.241890639481,68.0,9.646286821234922,33.0,109.0,0.7189413090085163,0.2779826222912914,0.014133456904541241
OAS1_0268_MR1,3496.0,4025.0,7521.0,3496,4025,7521,1.0,67.19199574524664,67.0,9.986234097286136,24.0,101.0,0.7236304326276016,0.28825823427224406,0.07033639143730887
OAS1_0409_MR1,4172.0,4439.0,8611.0,4172,4439,8611,1.0,69.42317965393102,69.0,9.415121704170392,29.0,129.0,0.7073574554909645,0.2736831944856564,0.031006851701312274
OAS1_0288_MR1,3808.0,3936.0,7744.0,3808,3936,7744,1.0,70.98205061983471,70.0,8.636247794050814,29.0,104.0,0.7302408073802541,0.2848843430543412,0.01652892561983471
OAS1_0413_MR1,3476.0,3542.0,7018.0,3476,3542,7018,1.0,67.10929039612425,66.0,9.152901284227035,30.0,106.0,0.7112806002638091,0.2792258324853165,0.009404388714733543
OAS1_0238_MR1,3129.0,3121.0,6250.0,3129,3121,6250,1.0,64.72304,65.0,10.401504369964952,19.0,164.0,0.739556109440161,0.2819934280043163,0.00128
OAS1_0398_MR1,4123.0,4511.0,8634.0,4123,4511,8634,1.0,67.85476025017373,67.0,10.194232912930751,29.0,111.0,0.7127701020546534,0.2792877062968256,0.04493861477878156
OAS1_0285_MR1,4150.0,3951.0,8101.0,4150,3951,8101,1.0,68.03592149117392,67.0,8.777478916923046,29.0,146.0,0.7386713062354151,0.2776467482168809,0.024564868534748797
OAS1_0158_MR1,2642.0,1766.0,4408.0,2642,1766,4408,1.0,66.744555353902,69.0,13.116177523351398,16.0,98.0,0.717375755591437,0.27367604163706416,0.1987295825771325
OAS1_0178_MR1,4014.0,3923.0,7937.0,4014,3923,7937,1.0,68.89404056948469,68.0,8.421878909378561,36.0,123.0,0.7157019495624641,0.2768725896307541,0.011465289152072572
OAS1_0202_MR1,4230.0,4210.0,8440.0,4230,4210,8440,1.0,70.44988151658768,70.0,8.984641977015889,23.0,107.0,0.7254676201726235,0.2774813020891016,0.002369668246445498
OAS1_0229_MR1,3847.0,3994.0,7841.0,3847,3994,7841,1.0,70.32712664200994,69.0,7.893419615462471,27.0,133.0,0.7284761776736285,0.2740857904512666,0.01874760872337712
OAS1_0264_MR1,5063.0,5274.0,10337.0,5063,5274,10337,1.0,70.75476443842507,70.0,9.233344521078303,28.0,138.0,0.7164223086612143,0.27327367996817287,0.020412111831285672
OAS1_0348_MR1,4224.0,4344.0,8568.0,4224,4344,8568,1.0,68.39542483660131,68.0,8.912443046999654,25.0,100.0,0.7202884473863435,0.2766881796421246,0.014005602240896359
OAS1_0073_MR1,3262.0,2904.0,6166.0,3262,2904,6166,1.0,68.53519299383717,69.0,10.917181992314433,19.0,100.0,0.7344389531397962,0.2854966351860392,0.05806033084657801
OAS1_0447_MR1,2454.0,2396.0,4850.0,2454,2396,4850,1.0,66.03360824742268,67.0,9.668116607340224,21.0,91.0,0.725332393753356,0.2907097239220414,0.011958762886597939
OAS1_0191_MR1,4001.0,4152.0,8153.0,4001,4152,8153,1.0,68.54765117134797,68.0,8.798852951457238,21.0,132.0,0.7379970602700323,0.2775976301464561,0.018520789893290812
OAS1_0044_MR1,4295.0,4214.0,8509.0,4295,4214,8509,1.0,72.14431778117287,72.0,9.328435971962746,25.0,149.0,0.7239354554711912,0.27096557082807077,0.009519332471500764
OAS1_0134_MR1,2161.0,2425.0,4586.0,2161,2425,4586,1.0,64.582860880942,66.0,12.153555012722965,19.0,94.0,0.7302034226758733,0.2774959789030428,0.05756650675970344
OAS1_0042_MR1,3508.0,3754.0,7262.0,3508,3754,7262,1.0,66.44822362985404,67.0,10.630508726888726,21.0,103.0,0.722077037191731,0.2850269174755592,0.033874965574221975
OAS1_0222_MR1,3571.0,3525.0,7096.0,3571,3525,7096,1.0,69.49154453213077,69.0,8.442603253742448,38.0,102.0,0.7182178628153343,0.2835138288935353,0.006482525366403607
OAS1_0210_MR1,3402.0,3304.0,6706.0,3402,3304,6706,1.0,67.20772442588726,67.0,10.870188411623605,20.0,105.0,0.7267979193259978,0.2843312588258851,0.014613778705636743
OAS1_0281_MR1,4466.0,4746.0,9212.0,4466,4746,9212,1.0,69.04092488059054,68.0,8.983639126916179,37.0,110.0,0.71282717683916,0.27588554392293224,0.030395136778115502
OAS1_0309_MR1,4024.0,4125.0,8149.0,4024,4125,8149,1.0,69.05816664621426,68.0,9.32853298612899,28.0,114.0,0.7279378426441612,0.2820623305186263,0.012394158792489876
OAS1_0192_MR1,3607.0,3356.0,6963.0,3607,3356,6963,1.0,68.17966393795777,67.0,9.405281458751883,29.0,105.0,0.716839500132786,0.2782648496739064,0.03604768059744363
OAS1_0240_MR1,2423.0,2496.0,4919.0,2423,2496,4919,1.0,69.8320796909941,70.0,10.336337135764094,25.0,103.0,0.7164693022712867,0.28146418023116965,0.014840414718438708
OAS1_0397_MR1,3848.0,3899.0,7747.0,3848,3899,7747,1.0,68.24125467923066,67.0,8.74854241122287,19.0,100.0,0.7138522357510092,0.27506964152701585,0.006583193494255841
OAS1_0055_MR1,4061.0,4002.0,8063.0,4061,4002,8063,1.0,69.12451940964901,68.0,8.13541127392441,35.0,103.0,0.7189335563330985,0.2798974779430456,0.007317375666625325
OAS1_0153_MR1,4359.0,4442.0,8801.0,4359,4442,8801,1.0,70.91864560845359,70.0,8.452422372070309,35.0,105.0,0.7173089295640205,0.2753837665284343,0.009430746506078854
OAS1_0224_MR1,3728.0,3942.0,7670.0,3728,3942,7670,1.0,67.20456323337679,67.0,7.841520555779063,36.0,110.0,0.7272048771747095,0.28538959181814894,0.02790091264667536
OAS1_0274_MR1,3855.0,4029.0,7884.0,3855,4029,7884,1.0,69.94292237442923,70.0,8.795872111016932,31.0,103.0,0.7198927912702585,0.2791766124017812,0.02207001522070015
OAS1_0235_MR1,3882.0,3995.0,7877.0,3882,3995,7877,1.0,67.71905547797385,67.0,10.35274312972714,27.0,137.0,0.7326680644940612,0.27190242063467146,0.01434556303161102
OAS1_0007_MR1,4862.0,4915.0,9777.0,4862,4915,9777,1.0,67.5277692543725,67.0,8.714633728360484,27.0,115.0,0.7239529046077277,0.27422777438345797,0.005420885752275749
OAS1_0206_MR1,3402.0,3364.0,6766.0,3402,3364,6766,1.0,71.35072420928171,72.0,9.242110275407802,34.0,100.0,0.7197614404641679,0.2839036799708562,0.005616316878510198
OAS1_0296_MR1,3929.0,3953.0,7882.0,3929,3953,7882,1.0,69.62357269728496,69.0,8.910093522583134,34.0,117.0,0.7167329117201235,0.27932695111436673,0.0030449124587668104
OAS1_0232_MR1,4170.0,4630.0,8800.0,4170,4630,8800,1.0,68.08568181818181,67.0,9.02990861167066,24.0,107.0,0.7250859200835524,0.27680966896682374,0.05227272727272727
OAS1_0109_MR1,3619.0,3656.0,7275.0,3619,3656,7275,1.0,68.58501718213058,68.0,8.72860893860764,23.0,110.0,0.7274939211650381,0.279216437872113,0.005085910652920962
OAS1_0038_MR1,3949.0,4219.0,8168.0,3949,4219,8168,1.0,66.17421645445641,65.0,8.404276711312933,25.0,105.0,0.7238781448445194,0.2802158267494282,0.03305582761998041
OAS1_0163_MR1,4234.0,4349.0,8583.0,4234,4349,8583,1.0,71.02423395083304,70.0,8.239730345222132,28.0,105.0,0.711129467296948,0.2736305509965304,0.01339857858557614
OAS1_0186_MR1,4019.0,4253.0,8272.0,4019,4253,8272,1.0,70.77828820116054,71.0,11.55117168440114,20.0,111.0,0.7370101517156575,0.2807601402277664,0.028288201160541586
OAS1_0250_MR1,3654.0,3708.0,7362.0,3654,3708,7362,1.0,66.8090192882369,66.0,9.141968513806246,32.0,116.0,0.7080460425379068,0.27674373520244755,0.007334963325183374
OAS1_0098_MR1,3564.0,3046.0,6610.0,3564,3046,6610,1.0,69.13978819969743,70.0,12.252060468927795,20.0,109.0,0.7322399466323788,0.28767425129929686,0.0783661119515885
OAS1_0079_MR1,4243.0,4177.0,8420.0,4243,4177,8420,1.0,70.83610451306413,70.0,9.339275634959684,27.0,147.0,0.7335354894113162,0.2728250336695498,0.007838479809976246
OAS1_0256_MR1,4267.0,4202.0,8469.0,4267,4202,8469,1.0,67.55437477860433,67.0,9.896466105440412,24.0,115.0,0.7232984808392305,0.2837476809874835,0.007675050183020427
OAS1_0380_MR1,3007.0,2881.0,5888.0,3007,2881,5888,1.0,67.0579144021739,69.0,11.340092544205769,13.0,100.0,0.7273559783418059,0.28165579523075274,0.021399456521739132
OAS1_0167_MR1,3937.0,4053.0,7990.0,3937,4053,7990,1.0,71.16382978723404,70.0,8.802609031319161,24.0,111.0,0.7186684978011236,0.26965968670318025,0.014518147684605758
OAS1_0026_MR1,3411.0,3584.0,6995.0,3411,3584,6995,1.0,70.13638313080772,70.0,8.52964297142039,35.0,130.0,0.7180360425278481,0.2775049033594626,0.02473195139385275
OAS1_0446_MR1,3515.0,3870.0,7385.0,3515,3870,7385,1.0,68.61922816519973,68.0,9.26723006589256,28.0,98.0,0.7189619078466724,0.2844028668473675,0.04807041299932295
OAS1_0454_MR1,3527.0,3512.0,7039.0,3527,3512,7039,1.0,68.09944594402614,68.0,10.168284176919782,25.0,105.0,0.7053560570710897,0.27911243818081416,0.002130984514845859
OAS1_0071_MR1,4245.0,4201.0,8446.0,4245,4201,8446,1.0,67.88396874260005,67.0,8.667089102066907,33.0,125.0,0.7143853697503774,0.26960336904206406,0.005209566658773384
OAS1_0372_MR1,3998.0,4320.0,8318.0,3998,4320,8318,1.0,70.66482327482568,70.0,9.793586966523556,30.0,134.0,0.7197848831112387,0.2754238679444733,0.03871122866073575
OAS1_0277_MR1,4692.0,5036.0,9728.0,4692,5036,9728,1.0,67.380859375,66.0,9.5847153156746,30.0,121.0,0.7218904936303198,0.27204413177945574,0.03536184210526316
OAS1_0267_MR1,3530.0,2956.0,6486.0,3530,2956,6486,1.0,64.6423065063213,66.0,11.6590091015812,17.0,94.0,0.7310288048587533,0.2796390475119365,0.08849830403946962
OAS1_0121_MR1,4823.0,4922.0,9745.0,4823,4922,9745,1.0,67.32508978963571,66.0,8.488280730121614,38.0,104.0,0.7130037303297414,0.2766824166218605,0.010159055926115957
OAS1_0165_MR1,4357.0,4475.0,8832.0,4357,4475,8832,1.0,69.59929800724638,69.0,9.088315402882905,28.0,117.0,0.7155182020692414,0.2763703295910914,0.013360507246376812
OAS1_0336_MR1,4143.0,4457.0,8600.0,4143,4457,8600,1.0,70.66279069767442,70.0,8.513587587342679,32.0,102.0,0.7275442479809345,0.2796834059542098,0.03651162790697674
OAS1_0326_MR1,3475.0,3437.0,6912.0,3475,3437,6912,1.0,70.15162037037037,70.0,9.52054538413829,24.0,105.0,0.7306742838543812,0.2852196505639833,0.005497685185185185
OAS1_0329_MR1,2652.0,2693.0,5345.0,2652,2693,5345,1.0,67.61253507951356,68.0,9.29713797809099,27.0,100.0,0.723514823008042,0.28460736073865306,0.007670720299345182
OAS1_0314_MR1,4867.0,5085.0,9952.0,4867,5085,9952,1.0,68.34525723472669,67.0,9.598573129561546,29.0,122.0,0.7124128721650385,0.2755493393931955,0.021905144694533762
OAS1_0006_MR1,3355.0,3422.0,6777.0,3355,3422,6777,1.0,69.46362697358714,69.0,9.11003095592177,31.0,113.0,0.7265333747390057,0.2731528783391211,0.00988638040430869
OAS1_0287_MR1,2736.0,3068.0,5804.0,2736,3068,5804,1.0,68.53669882839421,69.0,10.359070170381694,26.0,137.0,0.7235427854973313,0.2828253250123434,0.057201929703652656
OAS1_0438_MR1,3811.0,3616.0,7427.0,3811,3616,7427,1.0,70.31924060859028,70.0,9.30471026042369,23.0,102.0,0.7186378185860733,0.2808058179372292,0.02625555405951259
OAS1_0080_MR1,4316.0,4612.0,8928.0,4316,4612,8928,1.0,69.25739247311827,68.0,9.326913787495299,23.0,120.0,0.7202974464782353,0.2682338768860355,0.033154121863799284
OAS1_0431_MR1,4044.0,4104.0,8148.0,4044,4104,8148,1.0,68.52650957290133,68.0,10.008705549969529,29.0,139.0,0.7368548260297373,0.27970490311026863,0.007363770250368188
OAS1_0064_MR1,4038.0,4255.0,8293.0,4038,4255,8293,1.0,68.38960569154709,68.0,10.071109669303262,28.0,121.0,0.7176746109066782,0.28190302015218716,0.026166646569395876
OAS1_0142_MR1,3313.0,3076.0,6389.0,3313,3076,6389,1.0,68.45046173110033,69.0,10.470535477463999,23.0,105.0,0.7302065865511811,0.2846752144348889,0.03709500704335577
OAS1_0061_MR1,4565.0,4547.0,9112.0,4565,4547,9112,1.0,70.74363476733977,70.0,8.43797497812116,26.0,108.0,0.712986154716107,0.2768302045887342,0.001975417032484636
OAS1_0349_MR1,3604.0,3752.0,7356.0,3604,3752,7356,1.0,67.51767264817836,67.0,8.638491312619491,24.0,113.0,0.7321820861304262,0.27957385425028985,0.02011963023382273
OAS1_0241_MR1,3636.0,3832.0,7468.0,3636,3832,7468,1.0,68.8790840921264,69.0,9.979208520528859,23.0,104.0,0.7211510378831901,0.2844474959809608,0.026245313336904125
OAS1_0390_MR1,3963.0,4206.0,8169.0,3963,4206,8169,1.0,68.32513159505447,68.0,8.819155656066327,30.0,102.0,0.7183427866119874,0.2826872203443612,0.0297466030113845
OAS1_0123_MR1,3193.0,3569.0,6762.0,3193,3569,6762,1.0,65.59464655427388,66.0,9.620789304365422,22.0,101.0,0.7424396626351484,0.2900937468121563,0.05560485063590653
OAS1_0234_MR1,4216.0,4316.0,8532.0,4216,4316,8532,1.0,72.14521800281294,72.0,8.91842671546148,33.0,105.0,0.718585206777692,0.2797077809329839,0.011720581340834505
OAS1_0220_MR1,3128.0,3356.0,6484.0,3128,3356,6484,1.0,67.75879086983343,68.0,8.973732564792648,27.0,96.0,0.7275901385968301,0.2910896176613522,0.0351634793337446
OAS1_0074_MR1,4336.0,4288.0,8624.0,4336,4288,8624,1.0,68.82200834879406,68.0,8.881275922679837,20.0,107.0,0.7215316724907151,0.2809341288681476,0.0055658627087198514
OAS1_0133_MR1,3635.0,3650.0,7285.0,3635,3650,7285,1.0,74.31983527796842,74.0,8.07547431138174,28.0,105.0,0.7203380022549902,0.2760204198756057,0.002059025394646534
OAS1_0023_MR1,2418.0,3409.0,5827.0,2418,3409,5827,1.0,67.66809679080144,68.0,11.269908107945053,25.0,107.0,0.7249043753217413,0.28683728137901887,0.17007036210743093
OAS1_0068_MR1,4051.0,4157.0,8208.0,4051,4157,8208,1.0,71.11038011695906,71.0,8.901863673049695,28.0,111.0,0.7247619281263983,0.27832906123254275,0.012914230019493177
OAS1_0369_MR1,3402.0,3353.0,6755.0,3402,3353,6755,1.0,70.40044411547002,70.0,8.790276226115246,23.0,100.0,0.7341093374371344,0.28488437784938486,0.007253886010362694
OAS1_0157_MR1,3569.0,3851.0,7420.0,3569,3851,7420,1.0,69.42789757412399,70.0,11.123094798565043,23.0,108.0,0.7316106777920782,0.2873891174396697,0.038005390835579515
OAS1_0384_MR1,4396.0,4448.0,8844.0,4396,4448,8844,1.0,69.93113975576662,69.0,9.92055201799997,30.0,111.0,0.7104492390437162,0.2723038640382668,0.005879692446856626
OAS1_0088_MR1,4483.0,4396.0,8879.0,4483,4396,8879,1.0,72.18966099786012,71.0,8.726156423824634,23.0,144.0,0.7206146444228585,0.26638777479485964,0.009798400720801893
OAS1_0130_MR1,4248.0,4292.0,8540.0,4248,4292,8540,1.0,71.27295081967213,71.0,9.274974208157353,32.0,104.0,0.7049003965175625,0.273408162301122,0.005152224824355972
OAS1_0092_MR1,4031.0,4209.0,8240.0,4031,4209,8240,1.0,69.26759708737865,68.0,8.740674284313398,28.0,108.0,0.7201869193453783,0.2739699717516361,0.021601941747572816
OAS1_0137_MR1,2396.0,2441.0,4837.0,2396,2441,4837,1.0,67.40148852594584,69.0,12.133162245114976,13.0,103.0,0.7461033970464314,0.27906963840115895,0.009303287161463718
OAS1_0014_MR1,3905.0,3874.0,7779.0,3905,3874,7779,1.0,68.38899601491194,67.0,8.349519424416066,23.0,107.0,0.7125952090989844,0.27340968265942733,0.00398508805759095
OAS1_0018_MR1,4198.0,4233.0,8431.0,4198,4233,8431,1.0,70.62768354880797,70.0,8.78677893913449,35.0,111.0,0.7194232852120945,0.27803331327127945,0.004151346222274937
OAS1_0082_MR1,3165.0,3137.0,6302.0,3165,3137,6302,1.0,66.8278324341479,67.0,9.043849227674677,23.0,96.0,0.7121666206307848,0.2778088693535372,0.004443033957473818
OAS1_0195_MR1,3581.0,3653.0,7234.0,3581,3653,7234,1.0,67.8218136577274,68.0,8.682773804213783,23.0,111.0,0.7358451842646786,0.28846396790232004,0.009952999723527785
OAS1_0385_MR1,4212.0,4258.0,8470.0,4212,4258,8470,1.0,69.91475796930342,69.0,8.062480738681492,29.0,112.0,0.728954277639043,0.27672395007807626,0.005430932703659976
OAS1_0124_MR1,3302.0,3561.0,6863.0,3302,3561,6863,1.0,65.52484336296081,66.0,11.066800164930989,23.0,130.0,0.7268210967786196,0.2874824554365385,0.03773859828063529
OAS1_0129_MR1,4075.0,4438.0,8513.0,4075,4438,8513,1.0,69.23399506636908,69.0,8.693901113879505,28.0,108.0,0.7259562244430078,0.27707992108646473,0.04264066721484788
OAS1_0389_MR1,4545.0,4343.0,8888.0,4545,4343,8888,1.0,67.95375787578757,67.0,10.058906130342187,25.0,123.0,0.7249721072547788,0.27990634503003764,0.022727272727272728
OAS1_0417_MR1,4432.0,4586.0,9018.0,4432,4586,9018,1.0,71.39498780217343,71.0,7.931293546850312,37.0,102.0,0.712550660508777,0.2747387796271278,0.017076957196717677
OAS1_0216_MR1,3913.0,4156.0,8069.0,3913,4156,8069,1.0,69.64444169042012,69.0,9.710118061261692,27.0,128.0,0.7228206443006567,0.2769679459282887,0.030115255917709752
OAS1_0233_MR1,3404.0,3555.0,6959.0,3404,3555,6959,1.0,69.16137376059778,69.0,10.999038333819858,19.0,129.0,0.7439591691182266,0.2885349153639151,0.021698519902284812
OAS1_0445_MR1,2832.0,3481.0,6313.0,2832,3481,6313,1.0,69.37684143830192,70.0,10.096308718612468,21.0,100.0,0.7441869549507864,0.2886540264081829,0.102803738317757
OAS1_0328_MR1,4148.0,4355.0,8503.0,4148,4355,8503,1.0,68.60802069857698,68.0,8.469442225078726,28.0,113.0,0.720193863066614,0.27981501262582176,0.024344349053275316
OAS1_0003_MR1,3017.0,3044.0,6061.0,3017,3044,6061,1.0,66.36578122422043,68.0,10.525744580068496,16.0,96.0,0.7390544905294151,0.28244038080061346,0.0044547104438211515
OAS1_0001_MR1,3665.0,3745.0,7410.0,3665,3745,7410,1.0,67.85141700404859,68.0,9.533076236268778,15.0,103.0,0.7387783130975757,0.2866018664675197,0.010796221322537112
OAS1_0058_MR1,4436.0,4662.0,9098.0,4436,4662,9098,1.0,70.17454385579248,69.0,9.892202144210655,29.0,128.0,0.7167820705785671,0.27469795255408674,0.024840624313035832
OAS1_0305_MR1,4330.0,4121.0,8451.0,4330,4121,8451,1.0,68.33274168737428,67.0,8.737675908581792,34.0,121.0,0.7145798038695913,0.2733366037372886,0.024730801088628563
OAS1_0213_MR1,3500.0,3703.0,7203.0,3500,3703,7203,1.0,69.71206441760377,69.0,9.62054483437355,25.0,149.0,0.7367799116089727,0.26856862825466615,0.028182701652089408
OAS1_0209_MR1,3844.0,3816.0,7660.0,3844,3816,7660,1.0,70.53211488250653,70.0,8.499248160105875,34.0,105.0,0.715883406289407,0.2782147190949334,0.0036553524804177544
OAS1_0117_MR1,4110.0,3929.0,8039.0,4110,3929,8039,1.0,67.43649707675084,67.0,9.987249812659158,22.0,109.0,0.7337647587435784,0.28249720377984416,0.022515238213708173
OAS1_0260_MR1,3651.0,3922.0,7573.0,3651,3922,7573,1.0,70.02376865178925,71.0,11.674554497620148,18.0,108.0,0.7273542088951106,0.2764898583849435,0.03578502574937277
OAS1_0223_MR1,3609.0,3891.0,7500.0,3609,3891,7500,1.0,67.1164,68.0,11.20351958270257,23.0,101.0,0.7151618288686417,0.2771712048234481,0.0376
OAS1_0106_MR1,3316.0,3108.0,6424.0,3316,3108,6424,1.0,72.69022415940225,73.0,9.129188559804337,34.0,115.0,0.7299042989928284,0.2813929433077581,0.0323785803237858
OAS1_0410_MR1,3953.0,4099.0,8052.0,3953,4099,8052,1.0,66.39865871833085,66.0,9.267538558227649,27.0,114.0,0.7167734392812215,0.27859623740498957,0.018132141082960754
OAS1_0208_MR1,4526.0,4620.0,9146.0,4526,4620,9146,1.0,68.2270938115023,68.0,9.74501799383373,17.0,105.0,0.720626733989111,0.2807735378394381,0.010277717034769297
OAS1_0084_MR1,3152.0,2980.0,6132.0,3152,2980,6132,1.0,65.26337247227659,66.0,10.773763563420847,27.0,114.0,0.7236942449759364,0.28881474830075904,0.028049575994781473
OAS1_0416_MR1,4243.0,4293.0,8536.0,4243,4293,8536,1.0,70.49343955014058,70.0,8.88025378514151,32.0,137.0,0.7311114341840855,0.27080524677453055,0.005857544517338332
OAS1_0420_MR1,4491.0,4416.0,8907.0,4491,4416,8907,1.0,68.9689008644886,68.0,8.75456791408,22.0,104.0,0.7211612234661798,0.27473671146135675,0.008420343550016841
OAS1_0265_MR1,3634.0,3609.0,7243.0,3634,3609,7243,1.0,68.37374016291592,68.0,10.280380302324858,25.0,104.0,0.724449611344988,0.2822354706159614,0.0034516084495374846
OAS1_0444_MR1,3828.0,3854.0,7682.0,3828,3854,7682,1.0,69.53762041135121,69.0,8.731193779730425,29.0,123.0,0.7272634251774701,0.2798384555652249,0.003384535277271544
OAS1_0333_MR1,3963.0,3727.0,7690.0,3963,3727,7690,1.0,68.82990897269181,68.0,9.088865713921964,27.0,109.0,0.7192230066873224,0.27642351167814233,0.030689206762028607
OAS1_0439_MR1,4198.0,4338.0,8536.0,4198,4338,8536,1.0,68.6194939081537,68.0,8.844075981627519,29.0,110.0,0.719693673455784,0.2766700359530083,0.01640112464854733
OAS1_0286_MR1,3665.0,4394.0,8059.0,3665,4394,8059,1.0,69.28961409604169,70.0,11.361033889618149,25.0,113.0,0.7249095031047591,0.28624758320897553,0.09045787318525872
OAS1_0428_MR1,2776.0,3347.0,6123.0,2776,3347,6123,1.0,68.84729707659643,68.0,10.84362610652475,27.0,104.0,0.7130243097593472,0.27883658007613,0.09325494038869835
OAS1_0054_MR1,4606.0,4513.0,9119.0,4606,4513,9119,1.0,70.34499396863691,70.0,8.756096361201138,26.0,120.0,0.7307389727387809,0.2803003824074219,0.010198486676170633
OAS1_0282_MR1,4018.0,4106.0,8124.0,4018,4106,8124,1.0,68.48424421467257,67.0,9.004888048803098,36.0,141.0,0.7209822710813979,0.2740047387411736,0.010832102412604629
OAS1_0131_MR1,4494.0,4406.0,8900.0,4494,4406,8900,1.0,67.3014606741573,66.0,9.711270997314664,27.0,110.0,0.7295506245493496,0.2802005745590252,0.009887640449438202
OAS1_0243_MR1,3809.0,4192.0,8001.0,3809,4192,8001,1.0,70.60854893138358,70.0,10.019478437679092,27.0,106.0,0.7276999607143044,0.28693457037973774,0.047869016372953384
OAS1_0161_MR1,3700.0,3680.0,7380.0,3700,3680,7380,1.0,65.75352303523036,66.0,9.686765329436465,24.0,107.0,0.7354414649806195,0.29101720597479686,0.0027100271002710027
OAS1_0198_MR1,4536.0,4403.0,8939.0,4536,4403,8939,1.0,68.97773800201365,68.0,9.029432984063444,30.0,119.0,0.7108539537629482,0.27401241064986026,0.014878621769772905
OAS1_0120_MR1,4153.0,4376.0,8529.0,4153,4376,8529,1.0,71.1644975964357,71.0,9.87805949121678,25.0,104.0,0.7298902464812245,0.2821992726542648,0.026146089811232266
OAS1_0105_MR1,4234.0,4291.0,8525.0,4234,4291,8525,1.0,69.97348973607038,69.0,8.188712699868015,33.0,109.0,0.7231128004320885,0.2770324656533493,0.006686217008797654
OAS1_0076_MR1,4101.0,4018.0,8119.0,4101,4018,8119,1.0,70.09151373321838,69.0,7.969403596318995,28.0,100.0,0.7235852773694901,0.2792914364930976,0.010222933858849611
OAS1_0031_MR1,2242.0,2528.0,4770.0,2242,2528,4770,1.0,65.0377358490566,67.0,12.091329668590753,16.0,98.0,0.7295200293528219,0.2744802222942959,0.059958071278826
OAS1_0388_MR1,2900.0,2986.0,5886.0,2900,2986,5886,1.0,68.2195039075773,69.0,10.967753068207422,27.0,106.0,0.7259069732101502,0.29091767242597427,0.014610941216445803
OAS1_0212_MR1,4036.0,3898.0,7934.0,4036,3898,7934,1.0,68.8549281572977,69.0,10.17602835598056,20.0,104.0,0.7423999454543216,0.2866930033204824,0.01739349634484497
OAS1_0424_MR1,3486.0,3466.0,6952.0,3486,3466,6952,1.0,71.07968929804373,71.0,10.316341707823478,23.0,109.0,0.7475045590914036,0.2861874283047624,0.0028768699654775605
OAS1_0193_MR1,4194.0,4203.0,8397.0,4194,4203,8397,1.0,69.79802310348934,69.0,9.375431058700379,29.0,143.0,0.730021156265915,0.2769880842554108,0.0010718113612004287
OAS1_0166_MR1,3338.0,3401.0,6739.0,3338,3401,6739,1.0,64.32067072265914,65.0,10.995891734871332,22.0,112.0,0.7285388436708159,0.2886489880854629,0.009348568036800712
OAS1_0269_MR1,2306.0,2220.0,4526.0,2306,2220,4526,1.0,63.97216084843129,66.0,12.862013631927821,23.0,103.0,0.715386126395066,0.28792030110329575,0.019001325673884226
OAS1_0013_MR1,3610.0,3769.0,7379.0,3610,3769,7379,1.0,69.92587071418892,71.0,10.531288775303109,22.0,103.0,0.7311902047628935,0.28312341796931056,0.021547635180918824
OAS1_0176_MR1,2839.0,3370.0,6209.0,2839,3370,6209,1.0,69.93412787888549,71.0,9.733095022570513,25.0,100.0,0.7195920082895931,0.28257970873955557,0.08552101787727492
OAS1_0067_MR1,3525.0,3667.0,7192.0,3525,3667,7192,1.0,64.01877085650723,64.0,11.23484312018897,20.0,110.0,0.7282044598281913,0.2853171661317368,0.019744160177975527
OAS1_0156_MR1,4207.0,4251.0,8458.0,4207,4251,8458,1.0,68.99763537479309,68.0,8.911588237092396,35.0,134.0,0.7209188550672759,0.276126752169479,0.005202175455190352
OAS1_0442_MR1,3738.0,4310.0,8048.0,3738,4310,8048,1.0,69.93501491053678,70.0,7.945179127719341,32.0,112.0,0.7286797851595798,0.2799023329117749,0.07107355864811134
OAS1_0170_MR1,3194.0,3074.0,6268.0,3194,3074,6268,1.0,66.35657306955967,67.0,10.99670760025719,17.0,98.0,0.7305337843890138,0.2834665488053732,0.01914486279514997
OAS1_0095_MR1,4684.0,4718.0,9402.0,4684,4718,9402,1.0,69.40597745160603,69.0,8.842216281877338,33.0,102.0,0.7150551979814302,0.2773774193419912,0.003616251861306105
OAS1_0392_MR1,3640.0,3790.0,7430.0,3640,3790,7430,1.0,68.99703903095559,68.0,9.655505858632905,18.0,105.0,0.7347285613853506,0.2721379177185274,0.020188425302826378
OAS1_0411_MR1,2784.0,2643.0,5427.0,2784,2643,5427,1.0,69.21319329279528,69.0,9.881277330039843,25.0,108.0,0.7254247432730571,0.2861629067236807,0.025981205085682697
OAS1_0353_MR1,4393.0,4193.0,8586.0,4393,4193,8586,1.0,66.937106918239,67.0,10.012315022042172,21.0,112.0,0.7424348748529249,0.2869962572798971,0.023293733985557886
OAS1_0045_MR1,3405.0,3470.0,6875.0,3405,3470,6875,1.0,62.53774545454545,61.0,10.239282326090459,10.0,139.0,0.7351789444316245,0.2665399728359914,0.009454545454545455
OAS1_0376_MR1,4278.0,4458.0,8736.0,4278,4458,8736,1.0,67.92891483516483,67.0,9.482626151591246,30.0,124.0,0.7161369300895246,0.2745921572823716,0.020604395604395604
OAS1_0422_MR1,3490.0,3734.0,7224.0,3490,3734,7224,1.0,70.859219269103,70.0,9.489851678675542,32.0,105.0,0.7192986233356411,0.278408338706832,0.033776301218161685
OAS1_0017_MR1,4519.0,4573.0,9092.0,4519,4573,9092,1.0,69.77892652881654,69.0,9.375493196136448,30.0,112.0,0.7102662061807065,0.2763694764950104,0.005939287285525737
OAS1_0021_MR1,2815.0,3114.0,5929.0,2815,3114,5929,1.0,65.07252487771969,66.0,11.188089816242528,16.0,105.0,0.7547883390086935,0.28458879014954475,0.05043008939112835
OAS1_0214_MR1,4644.0,5055.0,9699.0,4644,5055,9699,1.0,68.26507887411073,68.0,8.722760657111476,28.0,110.0,0.7189869550285239,0.2763801013806367,0.04237550262913702
OAS1_0200_MR1,3643.0,4110.0,7753.0,3643,4110,7753,1.0,68.43492841480717,68.0,8.546648358657974,29.0,111.0,0.7232758570984341,0.2796433285824806,0.06023474783954598
OAS1_0015_MR1,2991.0,3160.0,6151.0,2991,3160,6151,1.0,64.64802471142903,64.0,10.954309962894403,21.0,124.0,0.7203710610168247,0.28150537018216243,0.02747520728336856
OAS1_0394_MR1,4574.0,4684.0,9258.0,4574,4684,9258,1.0,70.89403758911212,70.0,9.692557665867646,25.0,170.0,0.7527889322545287,0.2678202947414543,0.011881615899762367
OAS1_0022_MR1,3710.0,3230.0,6940.0,3710,3230,6940,1.0,69.16066282420749,69.0,9.069757366992281,34.0,102.0,0.7266867339708347,0.2856844386826524,0.069164265129683
OAS1_0041_MR1,2544.0,3430.0,5974.0,2544,3430,5974,1.0,68.02929360562437,68.0,10.708840073100886,20.0,110.0,0.7338640453005186,0.28794037123115357,0.14830934047539338
OAS1_0049_MR1,3805.0,3729.0,7534.0,3805,3729,7534,1.0,67.99787629413326,67.0,9.501400327268394,21.0,103.0,0.7259161207161037,0.280510218913208,0.01008760286700292
OAS1_0342_MR1,2868.0,3046.0,5914.0,2868,3046,5914,1.0,69.73131552248901,70.0,9.45288997653955,26.0,97.0,0.7325395950559233,0.2852335781054688,0.030098072370645924
OAS1_0312_MR1,3306.0,3518.0,6824.0,3306,3518,6824,1.0,69.65723915592028,69.0,9.007594834953586,30.0,103.0,0.7149751919518775,0.2811691241282039,0.031066822977725676
OAS1_0371_MR1,3380.0,3722.0,7102.0,3380,3722,7102,1.0,69.08208955223881,69.0,10.452310481165581,26.0,116.0,0.713490863573021,0.2796598275869633,0.0481554491692481
OAS1_0111_MR1,4700.0,4941.0,9641.0,4700,4941,9641,1.0,66.95073125194482,66.0,9.351781852097401,35.0,113.0,0.7116446552253232,0.2759133473934583,0.024997406907997097
OAS1_0322_MR1,3370.0,3534.0,6904.0,3370,3534,6904,1.0,67.88470451911935,67.0,9.922382910287675,22.0,124.0,0.7218837634582059,0.2822549999018089,0.023754345307068367
OAS1_0125_MR1,4273.0,4635.0,8908.0,4273,4635,8908,1.0,69.10776829815896,68.0,9.249549694944422,30.0,123.0,0.7278982900070167,0.2770016382696434,0.0406376290974405
OAS1_0338_MR1,4021.0,4471.0,8492.0,4021,4471,8492,1.0,69.58714083843617,70.0,10.584354403856604,26.0,106.0,0.7149847715628731,0.2805501591753764,0.05299105040037683
OAS1_0341_MR1,3884.0,4027.0,7911.0,3884,4027,7911,1.0,68.75123246113007,68.0,9.143862250048967,22.0,99.0,0.7362152947104483,0.27959294270980123,0.01807609657439009
OAS1_0455_MR1,4011.0,4227.0,8238.0,4011,4227,8238,1.0,70.29206117989803,70.0,8.610359936022805,36.0,115.0,0.7180703776348154,0.28164931015221945,0.026219956300072834
OAS1_0403_MR1,4546.0,4260.0,8806.0,4546,4260,8806,1.0,68.46570520099932,68.0,9.094546806896807,23.0,113.0,0.7187099206028909,0.28095355382383175,0.03247785600726777
OAS1_0177_MR1,4156.0,4115.0,8271.0,4156,4115,8271,1.0,70.17204691089349,69.0,9.985034002528614,31.0,157.0,0.722245649608962,0.25995462134405256,0.0049570789505501145
OAS1_0025_MR1,3286.0,3517.0,6803.0,3286,3517,6803,1.0,67.98059679553138,67.0,8.638623608057534,26.0,104.0,0.7210013144098963,0.2784252704724473,0.03395560782007938
OAS1_0423_MR1,3812.0,3667.0,7479.0,3812,3667,7479,1.0,69.97646744217141,70.0,9.401062619482305,30.0,105.0,0.7171653448510871,0.2819773657698998,0.019387618665597003
OAS1_0249_MR1,3344.0,3421.0,6765.0,3344,3421,6765,1.0,71.44641537324465,70.0,8.884757998766464,26.0,132.0,0.7266696367373898,0.27359858431320916,0.011382113821138212
OAS1_0382_MR1,3199.0,3792.0,6991.0,3199,3792,6991,1.0,67.26090688027463,68.0,10.40485088894715,24.0,108.0,0.7332449081070918,0.28730110452260377,0.08482334429981404
OAS1_0457_MR1,3381.0,3384.0,6765.0,3381,3384,6765,1.0,66.68721359940872,66.0,8.392621120935852,31.0,101.0,0.7255172528776106,0.28727330029330284,0.0004434589800443459
OAS1_0331_MR1,4123.0,4226.0,8349.0,4123,4226,8349,1.0,68.20709066954126,67.0,8.787621686978014,36.0,129.0,0.7172326070173682,0.2739020983109128,0.012336806803209966
OAS1_0327_MR1,4733.0,4483.0,9216.0,4733,4483,9216,1.0,67.72081163194444,66.0,10.235999120119487,30.0,146.0,0.7268595394024957,0.277896859430961,0.027126736111111112
OAS1_0321_MR1,4731.0,4913.0,9644.0,4731,4913,9644,1.0,67.95116134384072,67.0,8.795572187590068,38.0,114.0,0.7122991588211156,0.27377371454353017,0.018871837411862297
OAS1_0358_MR1,3476.0,3568.0,7044.0,3476,3568,7044,1.0,67.11797274275979,67.0,9.542672657869385,23.0,104.0,0.7131995404142267,0.28210909421491515,0.01306076093128904
OAS1_0112_MR1,4306.0,4481.0,8787.0,4306,4481,8787,1.0,67.04973255946284,66.0,9.475005104664307,21.0,128.0,0.7254117212630107,0.27842319215462635,0.019915784681916467
OAS1_0451_MR1,3392.0,3646.0,7038.0,3392,3646,7038,1.0,66.37752202330208,67.0,10.950403081514372,19.0,100.0,0.7307960319155958,0.2828416536120251,0.03608979823813584
OAS1_0146_MR1,3456.0,3586.0,7042.0,3456,3586,7042,1.0,70.10607781880148,70.0,8.516683927564344,33.0,98.0,0.7282307115983001,0.28477286252046774,0.01846066458392502
OAS1_0421_MR1,4360.0,4075.0,8435.0,4360,4075,8435,1.0,69.81802015411974,69.0,8.161075955486748,36.0,113.0,0.7231048252241237,0.2758556897940077,0.033787788974510964
OAS1_0294_MR1,4054.0,4152.0,8206.0,4054,4152,8206,1.0,68.25700706799903,67.0,7.954867298269164,40.0,113.0,0.720419113600249,0.27770965946752846,0.011942481111381915
OAS1_0318_MR1,4760.0,4806.0,9566.0,4760,4806,9566,1.0,68.53052477524567,68.0,9.273114526280981,30.0,108.0,0.7198618085193847,0.27851192197435853,0.004808697470206983
OAS1_0169_MR1,2996.0,3023.0,6019.0,2996,3023,6019,1.0,67.75161987041037,69.0,9.44857516441983,28.0,95.0,0.7350870261478506,0.2866208664139948,0.004485794982555242
OAS1_0273_MR1,2375.0,2688.0,5063.0,2375,2688,5063,1.0,65.82579498321154,68.0,12.578494223150223,17.0,100.0,0.7283279366662476,0.28395380537618226,0.06182105471064586
OAS1_0359_MR1,4465.0,4499.0,8964.0,4465,4499,8964,1.0,67.5198572066042,67.0,8.929401479290792,27.0,123.0,0.7210395999622574,0.2766789345580692,0.0037929495760821064
OAS1_0407_MR1,3921.0,4040.0,7961.0,3921,4040,7961,1.0,68.41979650797639,68.0,9.309842193718623,31.0,106.0,0.7147156299713882,0.2783756903274144,0.014947870870493657
OAS1_0228_MR1,3716.0,4019.0,7735.0,3716,4019,7735,1.0,65.4802844214609,65.0,10.78398548936395,19.0,107.0,0.7242784170300743,0.28325637087568334,0.039172592113768584
OAS1_0184_MR1,4083.0,4359.0,8442.0,4083,4359,8442,1.0,67.54288083392561,67.0,10.230886902229988,19.0,106.0,0.7305366424703192,0.28565556010901805,0.032693674484719264
OAS1_0356_MR1,3658.0,3824.0,7482.0,3658,3824,7482,1.0,69.24846297781342,69.0,10.106907206746543,24.0,111.0,0.7194783176254027,0.27669863648328796,0.02218658112804063
OAS1_0311_MR1,4212.0,4173.0,8385.0,4212,4173,8385,1.0,68.45140131186643,68.0,8.774416965645683,38.0,105.0,0.7107614177901392,0.2758707643322188,0.004651162790697674
OAS1_0253_MR1,4318.0,4194.0,8512.0,4318,4194,8512,1.0,67.46217105263158,67.0,10.211024255145125,23.0,144.0,0.7414928786388649,0.2784790520619436,0.01456766917293233
OAS1_0357_MR1,4071.0,4139.0,8210.0,4071,4139,8210,1.0,70.12545676004872,69.0,9.443754772690648,32.0,117.0,0.7099135965173975,0.2700259218977654,0.008282582216808769
OAS1_0266_MR1,4774.0,4824.0,9598.0,4774,4824,9598,1.0,69.81756615961659,69.0,9.40369174614418,29.0,111.0,0.728784755624851,0.27821501066189197,0.005209418628881017
OAS1_0099_MR1,3909.0,4105.0,8014.0,3909,4105,8014,1.0,65.4044172697779,65.0,8.8478690697929,23.0,102.0,0.7283254562020025,0.2766452910712597,0.024457199900174694
OAS1_0293_MR1,3673.0,3896.0,7569.0,3673,3896,7569,1.0,69.52133703263311,69.0,8.958402747985579,29.0,121.0,0.7200405373709823,0.27642412081364026,0.029462280354075835
OAS1_0122_MR1,2610.0,2870.0,5480.0,2610,2870,5480,1.0,65.81131386861314,66.0,9.69433293086632,23.0,96.0,0.720769488019019,0.2832964885380891,0.04744525547445255
OAS1_0408_MR1,4237.0,4385.0,8622.0,4237,4385,8622,1.0,69.43725353746231,68.0,8.818786713099207,33.0,107.0,0.7175876436042716,0.2723401684602359,0.01716539086058919
OAS1_0271_MR1,3219.0,3639.0,6858.0,3219,3639,6858,1.0,68.56459609215514,69.0,9.84342190436239,24.0,104.0,0.7208736088946054,0.2858289199237764,0.06124234470691164
OAS1_0164_MR1,2879.0,2980.0,5859.0,2879,2980,5859,1.0,68.16282642089094,69.0,9.924864202644812,21.0,102.0,0.7300330484236918,0.2840009819102443,0.017238436593275303
OAS1_0037_MR1,3583.0,3974.0,7557.0,3583,3974,7557,1.0,70.40902474526929,69.0,9.217690620044781,34.0,109.0,0.7116169069617027,0.27337663876731416,0.05174010850866746
OAS1_0218_MR1,3934.0,3951.0,7885.0,3934,3951,7885,1.0,69.01141407736208,68.0,8.261553258091128,27.0,102.0,0.7106347622448529,0.2760165927635975,0.002155992390615092
OAS1_0183_MR1,4284.0,4316.0,8600.0,4284,4316,8600,1.0,66.15581395348838,66.0,10.634614442351905,22.0,119.0,0.7302891326400591,0.2805393993568144,0.0037209302325581397
OAS1_0367_MR1,3512.0,3542.0,7054.0,3512,3542,7054,1.0,69.61851431811738,68.0,8.748027620300594,34.0,108.0,0.7182281389596897,0.2713728675625275,0.0042529061525375675
OAS1_0004_MR1,3868.0,4001.0,7869.0,3868,4001,7869,1.0,67.91422035836828,67.0,9.965483056696126,26.0,114.0,0.7133692024860158,0.27225296975154695,0.01690176642521286
OAS1_0354_MR1,3601.0,3630.0,7231.0,3601,3630,7231,1.0,67.48375051860047,67.0,9.714282546553076,18.0,104.0,0.7380031656816615,0.2846448629661198,0.004010510302862674
OAS1_0244_MR1,3652.0,3786.0,7438.0,3652,3786,7438,1.0,69.68674374831944,69.0,8.503942373265307,30.0,104.0,0.725237725218006,0.2841364819623894,0.018015595590212423
OAS1_0298_MR1,2837.0,3379.0,6216.0,2837,3379,6216,1.0,66.66907979407979,66.0,9.910671623216759,27.0,105.0,0.7236301310233888,0.28688113369408474,0.0871943371943372
OAS1_0063_MR1,4806.0,4772.0,9578.0,4806,4772,9578,1.0,69.09490499060347,69.0,9.708675328289967,20.0,105.0,0.7169842619199595,0.2772326117651164,0.003549801628732512
OAS1_0140_MR1,4114.0,4152.0,8266.0,4114,4152,8266,1.0,68.51415436728769,68.0,8.376404215722367,33.0,102.0,0.7162707181125231,0.27729828109537574,0.004597144931042826
OAS1_0323_MR1,4970.0,4944.0,9914.0,4970,4944,9914,1.0,71.33972160580997,70.0,9.164633111244068,26.0,108.0,0.7264883038230593,0.2764307407393439,0.002622553964091184
OAS1_0083_MR1,3812.0,3494.0,7306.0,3812,3494,7306,1.0,69.1261976457706,70.0,8.994718511239872,29.0,97.0,0.7211876358943705,0.2834262547026593,0.04352586914864495
OAS1_0072_MR1,3561.0,3804.0,7365.0,3561,3804,7365,1.0,71.25336048879836,70.0,8.744228854841273,32.0,105.0,0.7126894116152801,0.2763861751965521,0.0329938900203666
OAS1_0280_MR1,3491.0,3590.0,7081.0,3491,3590,7081,1.0,65.44386386103658,65.0,10.962440761729205,19.0,106.0,0.7298699027316524,0.2861689462834908,0.013981076119192205
OAS1_0456_MR1,4070.0,4362.0,8432.0,4070,4362,8432,1.0,68.3873339658444,68.0,9.506146064842149,29.0,105.0,0.721208003311886,0.28154639768764717,0.03462998102466793
OAS1_0207_MR1,4488.0,4824.0,9312.0,4488,4824,9312,1.0,68.18567439862542,67.0,9.977885604402045,22.0,118.0,0.7145112214952423,0.2730502626679027,0.03608247422680412
OAS1_0085_MR1,3626.0,3666.0,7292.0,3626,3666,7292,1.0,69.28565551289084,69.0,9.903663636444898,27.0,105.0,0.723647016477555,0.28285433291644607,0.005485463521667581
OAS1_0032_MR1,2826.0,3702.0,6528.0,2826,3702,6528,1.0,66.55591299019608,68.0,11.269030688532885,21.0,96.0,0.7411515324644248,0.28589023479174025,0.13419117647058823
OAS1_0173_MR1,4360.0,4417.0,8777.0,4360,4417,8777,1.0,66.8326307394326,66.0,9.3810205888846,34.0,103.0,0.7079902138560169,0.27504885329346673,0.00649424632562379
OAS1_0289_MR1,3706.0,4007.0,7713.0,3706,4007,7713,1.0,69.64864514456113,69.0,10.015752071388574,28.0,118.0,0.7233604208630964,0.28302263005351214,0.03902502268896668
OAS1_0303_MR1,3132.0,3186.0,6318.0,3132,3186,6318,1.0,70.05492244381134,69.0,8.449915212350716,32.0,102.0,0.7236741954708208,0.2816280697334402,0.008547008547008548
OAS1_0308_MR1,2425.0,2073.0,4498.0,2425,2073,4498,1.0,65.07292129835483,66.0,11.867263521517389,16.0,93.0,0.7206375389966668,0.278571800873842,0.07825700311249444
OAS1_0009_MR1,4709.0,4689.0,9398.0,4709,4689,9398,1.0,74.78633751862098,74.0,8.343797566781692,30.0,136.0,0.7267432252081776,0.27783183287015156,0.0021281123643328366
OAS1_0365_MR1,4221.0,4765.0,8986.0,4221,4765,8986,1.0,70.9908746939684,71.0,9.092430697311432,34.0,109.0,0.7202798792823994,0.2822415477486589,0.06053861562430447
OAS1_0060_MR1,3416.0,3470.0,6886.0,3416,3470,6886,1.0,69.04109787975602,69.0,10.218946210193293,29.0,108.0,0.727563598229134,0.28937113183713725,0.007841998257333721
OAS1_0141_MR1,4244.0,4247.0,8491.0,4244,4247,8491,1.0,66.07702272994936,65.0,9.031824725122899,29.0,105.0,0.7171320207069729,0.2800200874795209,0.0003533152749970557
OAS1_0362_MR1,3139.0,3290.0,6429.0,3139,3290,6429,1.0,70.25649401151034,70.0,9.676169357831656,31.0,107.0,0.7205847509873228,0.2851555255987367,0.023487323067351067
OAS1_0168_MR1,3759.0,3978.0,7737.0,3759,3978,7737,1.0,70.58860023264832,69.0,9.282544616295235,33.0,135.0,0.7179095278471677,0.26863750856638274,0.02830554478480031
OAS1_0182_MR1,4066.0,4006.0,8072.0,4066,4006,8072,1.0,71.25049554013876,71.0,9.189446334616616,28.0,111.0,0.7031873877256105,0.26855476393606087,0.007433102081268583
OAS1_0275_MR1,4412.0,4638.0,9050.0,4412,4638,9050,1.0,68.16033149171271,68.0,9.877651313456237,27.0,109.0,0.724785182297734,0.2788802930119011,0.024972375690607736
OAS1_0211_MR1,4238.0,4367.0,8605.0,4238,4367,8605,1.0,69.13445671121441,68.0,8.394108733372045,39.0,108.0,0.7160818753138913,0.27765889185512194,0.014991284137129576
OAS1_0239_MR1,3873.0,4003.0,7876.0,3873,4003,7876,1.0,70.28682072117826,70.0,8.261387111893004,40.0,103.0,0.7235404832274139,0.281073309968955,0.016505840528186898
OAS1_0325_MR1,4356.0,4320.0,8676.0,4356,4320,8676,1.0,69.86237897648687,69.0,9.295291969625845,37.0,137.0,0.7173751536952988,0.2689792059111114,0.004149377593360996
OAS1_0091_MR1,4340.0,4326.0,8666.0,4340,4326,8666,1.0,69.32367874451882,69.0,8.916277774997116,27.0,120.0,0.731958932204116,0.27735956681759244,0.0016155088852988692
OAS1_0290_MR1,3689.0,3960.0,7649.0,3689,3960,7649,1.0,68.71146555105243,69.0,10.759558587127316,24.0,102.0,0.7266258055429365,0.2830085260954022,0.035429467904301216
